month,event_index,decision_index,event_timestamp,decision_timestamp,predicted_action,oracle_action,btc_target,hype_target,hold_bars,leverage,trained_rows,trained_actions
2025-07,3011,3013,2025-07-01 00:45:00+00:00,2025-07-01 01:15:00+00:00,hype_reversal,hype_momentum,0.0,2.0,96,2.0,25,3
2025-07,3697,3699,2025-07-08 04:15:00+00:00,2025-07-08 04:45:00+00:00,hype_momentum,hype_reversal,0.0,-2.0,96,2.0,25,3
2025-07,3854,3856,2025-07-09 19:30:00+00:00,2025-07-09 20:00:00+00:00,hype_momentum,hype_momentum,0.0,2.0,96,2.0,25,3
2025-07,3993,3995,2025-07-11 06:15:00+00:00,2025-07-11 06:45:00+00:00,hype_momentum,hype_momentum,0.0,2.0,96,2.0,25,3
2025-07,4285,4287,2025-07-14 07:15:00+00:00,2025-07-14 07:45:00+00:00,hype_momentum,btc_reversal,0.0,2.0,96,2.0,25,3
2025-07,4897,4899,2025-07-20 16:15:00+00:00,2025-07-20 16:45:00+00:00,hype_momentum,hype_reversal,0.0,2.0,96,2.0,25,3
2025-07,4998,5000,2025-07-21 17:30:00+00:00,2025-07-21 18:00:00+00:00,hype_reversal,hype_momentum,0.0,2.0,96,2.0,25,3
2025-07,5118,5120,2025-07-22 23:30:00+00:00,2025-07-23 00:00:00+00:00,hype_momentum,hype_reversal,0.0,2.0,96,2.0,25,3
2025-07,5239,5241,2025-07-24 05:45:00+00:00,2025-07-24 06:15:00+00:00,hype_momentum,btc_momentum,0.0,-2.0,96,2.0,25,3
2025-07,5338,5340,2025-07-25 06:30:00+00:00,2025-07-25 07:00:00+00:00,hype_momentum,hype_momentum,0.0,2.0,96,2.0,25,3
2025-07,5579,5581,2025-07-27 18:45:00+00:00,2025-07-27 19:15:00+00:00,hype_momentum,hype_momentum,0.0,2.0,96,2.0,25,3
2025-07,5680,5682,2025-07-28 20:00:00+00:00,2025-07-28 20:30:00+00:00,hype_reversal,hype_reversal,0.0,2.0,96,2.0,25,3
2025-07,5964,5966,2025-07-31 19:00:00+00:00,2025-07-31 19:30:00+00:00,hype_reversal,hype_momentum,0.0,2.0,96,2.0,25,3
2025-08,6063,6065,2025-08-01 19:45:00+00:00,2025-08-01 20:15:00+00:00,hype_reversal,hype_reversal,0.0,2.0,96,2.0,39,4
2025-08,6218,6220,2025-08-03 10:30:00+00:00,2025-08-03 11:00:00+00:00,hype_momentum,hype_reversal,0.0,2.0,96,2.0,39,4
2025-08,6340,6342,2025-08-04 17:00:00+00:00,2025-08-04 17:30:00+00:00,hype_momentum,btc_reversal,0.0,2.0,96,2.0,39,4
2025-08,6477,6479,2025-08-06 03:15:00+00:00,2025-08-06 03:45:00+00:00,hype_momentum,hype_reversal,0.0,-2.0,96,2.0,39,4
2025-08,6650,6652,2025-08-07 22:30:00+00:00,2025-08-07 23:00:00+00:00,hype_momentum,hype_momentum,0.0,2.0,96,2.0,39,4
2025-08,6781,6783,2025-08-09 07:15:00+00:00,2025-08-09 07:45:00+00:00,hype_momentum,hype_momentum,0.0,2.0,96,2.0,39,4
2025-08,6918,6920,2025-08-10 17:30:00+00:00,2025-08-10 18:00:00+00:00,hype_reversal,hype_reversal,0.0,-2.0,96,2.0,39,4
2025-08,7142,7144,2025-08-13 01:30:00+00:00,2025-08-13 02:00:00+00:00,hype_reversal,hype_reversal,0.0,2.0,96,2.0,39,4
2025-08,7249,7251,2025-08-14 04:15:00+00:00,2025-08-14 04:45:00+00:00,hype_momentum,hype_reversal,0.0,2.0,96,2.0,39,4
2025-08,7388,7390,2025-08-15 15:00:00+00:00,2025-08-15 15:30:00+00:00,hype_momentum,hype_reversal,0.0,-2.0,96,2.0,39,4
2025-08,7625,7627,2025-08-18 02:15:00+00:00,2025-08-18 02:45:00+00:00,hype_momentum,hype_momentum,0.0,-2.0,96,2.0,39,4
2025-08,7763,7765,2025-08-19 12:45:00+00:00,2025-08-19 13:15:00+00:00,hype_momentum,hype_reversal,0.0,2.0,96,2.0,39,4
2025-08,7879,7881,2025-08-20 17:45:00+00:00,2025-08-20 18:15:00+00:00,hype_momentum,hype_momentum,0.0,2.0,96,2.0,39,4
2025-08,8056,8058,2025-08-22 14:00:00+00:00,2025-08-22 14:30:00+00:00,hype_momentum,hype_momentum,0.0,2.0,96,2.0,39,4
2025-08,8262,8264,2025-08-24 17:30:00+00:00,2025-08-24 18:00:00+00:00,hype_momentum,btc_momentum,0.0,2.0,96,2.0,39,4
2025-08,8370,8372,2025-08-25 20:30:00+00:00,2025-08-25 21:00:00+00:00,hype_reversal,hype_reversal,0.0,2.0,96,2.0,39,4
2025-08,8469,8471,2025-08-26 21:15:00+00:00,2025-08-26 21:45:00+00:00,hype_reversal,hype_reversal,0.0,-2.0,96,2.0,39,4
2025-08,8568,8570,2025-08-27 22:00:00+00:00,2025-08-27 22:30:00+00:00,hype_reversal,hype_momentum,0.0,2.0,96,2.0,39,4
2025-08,8708,8710,2025-08-29 09:00:00+00:00,2025-08-29 09:30:00+00:00,hype_momentum,hype_momentum,0.0,-2.0,96,2.0,39,4
2025-09,9646,9648,2025-09-08 03:30:00+00:00,2025-09-08 04:00:00+00:00,hype_momentum,hype_momentum,0.0,2.0,96,2.0,63,4
2025-09,9745,9747,2025-09-09 04:15:00+00:00,2025-09-09 04:45:00+00:00,hype_momentum,hype_momentum,0.0,2.0,96,2.0,63,4
2025-09,9965,9967,2025-09-11 11:15:00+00:00,2025-09-11 11:45:00+00:00,hype_reversal,hype_reversal,0.0,2.0,96,2.0,63,4
2025-09,10180,10182,2025-09-13 17:00:00+00:00,2025-09-13 17:30:00+00:00,hype_momentum,hype_reversal,0.0,-2.0,96,2.0,63,4
2025-09,10583,10585,2025-09-17 21:45:00+00:00,2025-09-17 22:15:00+00:00,hype_reversal,hype_momentum,0.0,-2.0,96,2.0,63,4
2025-09,10704,10706,2025-09-19 04:00:00+00:00,2025-09-19 04:30:00+00:00,hype_momentum,hype_momentum,0.0,-2.0,96,2.0,63,4
2025-09,10923,10925,2025-09-21 10:45:00+00:00,2025-09-21 11:15:00+00:00,hype_momentum,hype_momentum,0.0,-2.0,96,2.0,63,4
2025-09,11047,11049,2025-09-22 17:45:00+00:00,2025-09-22 18:15:00+00:00,hype_reversal,hype_momentum,0.0,2.0,96,2.0,63,4
2025-09,11146,11148,2025-09-23 18:30:00+00:00,2025-09-23 19:00:00+00:00,hype_momentum,hype_momentum,0.0,-2.0,96,2.0,63,4
2025-09,11322,11324,2025-09-25 14:30:00+00:00,2025-09-25 15:00:00+00:00,hype_reversal,hype_reversal,0.0,2.0,96,2.0,63,4
2025-09,11421,11423,2025-09-26 15:15:00+00:00,2025-09-26 15:45:00+00:00,hype_momentum,hype_momentum,0.0,2.0,96,2.0,63,4
2025-09,11520,11522,2025-09-27 16:00:00+00:00,2025-09-27 16:30:00+00:00,hype_momentum,hype_reversal,0.0,2.0,96,2.0,63,4
2025-09,11694,11696,2025-09-29 11:30:00+00:00,2025-09-29 12:00:00+00:00,hype_momentum,hype_reversal,0.0,2.0,96,2.0,63,4
2025-09,11805,11807,2025-09-30 15:15:00+00:00,2025-09-30 15:45:00+00:00,hype_reversal,hype_reversal,0.0,2.0,96,2.0,63,4
2025-10,11942,11944,2025-10-02 01:30:00+00:00,2025-10-02 02:00:00+00:00,hype_momentum,hype_momentum,0.0,2.0,96,2.0,81,4
2025-10,12268,12270,2025-10-05 11:00:00+00:00,2025-10-05 11:30:00+00:00,hype_momentum,hype_momentum,0.0,-2.0,96,2.0,81,4
2025-10,12415,12417,2025-10-06 23:45:00+00:00,2025-10-07 00:15:00+00:00,hype_momentum,hype_momentum,0.0,-2.0,96,2.0,81,4
2025-10,12675,12677,2025-10-09 16:45:00+00:00,2025-10-09 17:15:00+00:00,hype_momentum,hype_reversal,0.0,-2.0,96,2.0,81,4
2025-10,12866,12868,2025-10-11 16:30:00+00:00,2025-10-11 17:00:00+00:00,hype_momentum,hype_momentum,0.0,-2.0,96,2.0,81,4
2025-10,13014,13016,2025-10-13 05:30:00+00:00,2025-10-13 06:00:00+00:00,hype_reversal,hype_reversal,0.0,2.0,96,2.0,81,4
2025-10,13150,13152,2025-10-14 15:30:00+00:00,2025-10-14 16:00:00+00:00,hype_reversal,hype_reversal,0.0,-2.0,96,2.0,81,4
2025-10,13275,13277,2025-10-15 22:45:00+00:00,2025-10-15 23:15:00+00:00,hype_reversal,btc_momentum,0.0,2.0,96,2.0,81,4
2025-10,13403,13405,2025-10-17 06:45:00+00:00,2025-10-17 07:15:00+00:00,hype_reversal,hype_reversal,0.0,2.0,96,2.0,81,4
2025-10,13506,13508,2025-10-18 08:30:00+00:00,2025-10-18 09:00:00+00:00,hype_reversal,hype_reversal,0.0,-2.0,96,2.0,81,4
2025-10,13687,13689,2025-10-20 05:45:00+00:00,2025-10-20 06:15:00+00:00,hype_reversal,hype_reversal,0.0,-2.0,96,2.0,81,4
2025-10,13786,13788,2025-10-21 06:30:00+00:00,2025-10-21 07:00:00+00:00,hype_momentum,hype_reversal,0.0,-2.0,96,2.0,81,4
2025-10,13955,13957,2025-10-23 00:45:00+00:00,2025-10-23 01:15:00+00:00,hype_momentum,hype_momentum,0.0,2.0,96,2.0,81,4
2025-10,14217,14219,2025-10-25 18:15:00+00:00,2025-10-25 18:45:00+00:00,hype_momentum,hype_momentum,0.0,2.0,96,2.0,81,4
2025-10,14353,14355,2025-10-27 04:15:00+00:00,2025-10-27 04:45:00+00:00,hype_reversal,hype_reversal,0.0,-2.0,96,2.0,81,4
2025-10,14485,14487,2025-10-28 13:15:00+00:00,2025-10-28 13:45:00+00:00,hype_momentum,hype_reversal,0.0,2.0,96,2.0,81,4
2025-10,14677,14679,2025-10-30 13:15:00+00:00,2025-10-30 13:45:00+00:00,hype_momentum,hype_momentum,0.0,-2.0,96,2.0,81,4
2025-10,14795,14797,2025-10-31 18:45:00+00:00,2025-10-31 19:15:00+00:00,hype_reversal,hype_reversal,0.0,2.0,96,2.0,81,4
2025-11,15023,15025,2025-11-03 03:45:00+00:00,2025-11-03 04:15:00+00:00,hype_reversal,hype_reversal,0.0,2.0,96,2.0,106,4
2025-11,15137,15139,2025-11-04 08:15:00+00:00,2025-11-04 08:45:00+00:00,hype_reversal,hype_reversal,0.0,2.0,96,2.0,106,4
2025-11,15253,15255,2025-11-05 13:15:00+00:00,2025-11-05 13:45:00+00:00,hype_reversal,hype_reversal,0.0,-2.0,96,2.0,106,4
2025-11,15358,15360,2025-11-06 15:30:00+00:00,2025-11-06 16:00:00+00:00,hype_reversal,hype_reversal,0.0,2.0,96,2.0,106,4
2025-11,15494,15496,2025-11-08 01:30:00+00:00,2025-11-08 02:00:00+00:00,hype_reversal,hype_reversal,0.0,-2.0,96,2.0,106,4
2025-11,15659,15661,2025-11-09 18:45:00+00:00,2025-11-09 19:15:00+00:00,hype_reversal,hype_momentum,0.0,-2.0,96,2.0,106,4
2025-11,15802,15804,2025-11-11 06:30:00+00:00,2025-11-11 07:00:00+00:00,hype_momentum,hype_momentum,0.0,-2.0,96,2.0,106,4
2025-11,15935,15937,2025-11-12 15:45:00+00:00,2025-11-12 16:15:00+00:00,hype_momentum,hype_reversal,0.0,-2.0,96,2.0,106,4
2025-11,16041,16043,2025-11-13 18:15:00+00:00,2025-11-13 18:45:00+00:00,hype_reversal,btc_momentum,0.0,2.0,96,2.0,106,4
2025-11,16173,16175,2025-11-15 03:15:00+00:00,2025-11-15 03:45:00+00:00,hype_reversal,hype_momentum,0.0,-2.0,96,2.0,106,4
2025-11,16415,16417,2025-11-17 15:45:00+00:00,2025-11-17 16:15:00+00:00,hype_reversal,hype_reversal,0.0,2.0,96,2.0,106,4
2025-11,16706,16708,2025-11-20 16:30:00+00:00,2025-11-20 17:00:00+00:00,hype_reversal,hype_momentum,0.0,2.0,96,2.0,106,4
2025-11,16805,16807,2025-11-21 17:15:00+00:00,2025-11-21 17:45:00+00:00,hype_reversal,hype_momentum,0.0,2.0,96,2.0,106,4
2025-11,16904,16906,2025-11-22 18:00:00+00:00,2025-11-22 18:30:00+00:00,hype_reversal,btc_momentum,0.0,2.0,96,2.0,106,4
2025-11,17011,17013,2025-11-23 20:45:00+00:00,2025-11-23 21:15:00+00:00,hype_momentum,hype_reversal,0.0,2.0,96,2.0,106,4
2025-11,17126,17128,2025-11-25 01:30:00+00:00,2025-11-25 02:00:00+00:00,hype_momentum,hype_momentum,0.0,2.0,96,2.0,106,4
2025-11,17225,17227,2025-11-26 02:15:00+00:00,2025-11-26 02:45:00+00:00,hype_reversal,hype_momentum,0.0,-2.0,96,2.0,106,4
2025-11,17453,17455,2025-11-28 11:15:00+00:00,2025-11-28 11:45:00+00:00,hype_reversal,hype_reversal,0.0,-2.0,96,2.0,106,4
2025-11,17568,17570,2025-11-29 16:00:00+00:00,2025-11-29 16:30:00+00:00,hype_reversal,hype_momentum,0.0,2.0,96,2.0,106,4
2025-11,17692,17694,2025-11-30 23:00:00+00:00,2025-11-30 23:30:00+00:00,hype_momentum,hype_momentum,0.0,-2.0,96,2.0,106,4
2025-12,17759,17761,2025-12-01 15:45:00+00:00,2025-12-01 16:15:00+00:00,hype_momentum,hype_reversal,0.0,-2.0,96,2.0,130,4
2025-12,17858,17860,2025-12-02 16:30:00+00:00,2025-12-02 17:00:00+00:00,hype_reversal,hype_momentum,0.0,-2.0,96,2.0,130,4
2025-12,18065,18067,2025-12-04 20:15:00+00:00,2025-12-04 20:45:00+00:00,hype_reversal,hype_momentum,0.0,2.0,96,2.0,130,4
2025-12,18308,18310,2025-12-07 09:00:00+00:00,2025-12-07 09:30:00+00:00,hype_reversal,hype_reversal,0.0,2.0,96,2.0,130,4
2025-12,18428,18430,2025-12-08 15:00:00+00:00,2025-12-08 15:30:00+00:00,hype_momentum,hype_momentum,0.0,-2.0,96,2.0,130,4
2025-12,18725,18727,2025-12-11 17:15:00+00:00,2025-12-11 17:45:00+00:00,hype_reversal,hype_momentum,0.0,-2.0,96,2.0,130,4
2025-12,18836,18838,2025-12-12 21:00:00+00:00,2025-12-12 21:30:00+00:00,hype_reversal,hype_reversal,0.0,2.0,96,2.0,130,4
2025-12,19101,19103,2025-12-15 15:15:00+00:00,2025-12-15 15:45:00+00:00,hype_reversal,hype_momentum,0.0,2.0,96,2.0,130,4
2025-12,19297,19299,2025-12-17 16:15:00+00:00,2025-12-17 16:45:00+00:00,hype_momentum,hype_momentum,0.0,-2.0,96,2.0,130,4
2025-12,19443,19445,2025-12-19 04:45:00+00:00,2025-12-19 05:15:00+00:00,hype_momentum,hype_reversal,0.0,-2.0,96,2.0,130,4
2025-12,19618,19620,2025-12-21 00:30:00+00:00,2025-12-21 01:00:00+00:00,hype_momentum,hype_reversal,0.0,-2.0,96,2.0,130,4
2025-12,20191,20193,2025-12-26 23:45:00+00:00,2025-12-27 00:15:00+00:00,hype_reversal,hype_momentum,0.0,-2.0,96,2.0,130,4
2025-12,20388,20390,2025-12-29 01:00:00+00:00,2025-12-29 01:30:00+00:00,hype_reversal,btc_momentum,0.0,-2.0,96,2.0,130,4
2025-12,20505,20507,2025-12-30 06:15:00+00:00,2025-12-30 06:45:00+00:00,hype_reversal,hype_reversal,0.0,-2.0,96,2.0,130,4
2026-01,20734,20736,2026-01-01 15:30:00+00:00,2026-01-01 16:00:00+00:00,hype_reversal,btc_momentum,0.0,2.0,96,2.0,148,4
2026-01,21023,21025,2026-01-04 15:45:00+00:00,2026-01-04 16:15:00+00:00,hype_momentum,btc_momentum,0.0,2.0,96,2.0,148,4
2026-01,21247,21249,2026-01-06 23:45:00+00:00,2026-01-07 00:15:00+00:00,hype_reversal,hype_reversal,0.0,-2.0,96,2.0,148,4
2026-01,21546,21548,2026-01-10 02:30:00+00:00,2026-01-10 03:00:00+00:00,hype_reversal,hype_momentum,0.0,2.0,96,2.0,148,4
2026-01,21772,21774,2026-01-12 11:00:00+00:00,2026-01-12 11:30:00+00:00,hype_reversal,hype_momentum,0.0,2.0,96,2.0,148,4
2026-01,21926,21928,2026-01-14 01:30:00+00:00,2026-01-14 02:00:00+00:00,hype_momentum,hype_reversal,0.0,2.0,96,2.0,148,4
2026-01,22031,22033,2026-01-15 03:45:00+00:00,2026-01-15 04:15:00+00:00,hype_reversal,hype_reversal,0.0,2.0,96,2.0,148,4
2026-01,22383,22385,2026-01-18 19:45:00+00:00,2026-01-18 20:15:00+00:00,hype_reversal,hype_momentum,0.0,2.0,96,2.0,148,4
2026-01,22547,22549,2026-01-20 12:45:00+00:00,2026-01-20 13:15:00+00:00,hype_momentum,hype_momentum,0.0,-2.0,96,2.0,148,4
2026-01,22655,22657,2026-01-21 15:45:00+00:00,2026-01-21 16:15:00+00:00,hype_momentum,hype_momentum,0.0,2.0,96,2.0,148,4
2026-01,22821,22823,2026-01-23 09:15:00+00:00,2026-01-23 09:45:00+00:00,hype_reversal,hype_reversal,0.0,2.0,96,2.0,148,4
2026-01,22920,22922,2026-01-24 10:00:00+00:00,2026-01-24 10:30:00+00:00,hype_reversal,hype_reversal,0.0,-2.0,96,2.0,148,4
2026-01,23053,23055,2026-01-25 19:15:00+00:00,2026-01-25 19:45:00+00:00,hype_reversal,hype_reversal,0.0,2.0,96,2.0,148,4
2026-01,23152,23154,2026-01-26 20:00:00+00:00,2026-01-26 20:30:00+00:00,hype_reversal,hype_momentum,0.0,-2.0,96,2.0,148,4
2026-01,23251,23253,2026-01-27 20:45:00+00:00,2026-01-27 21:15:00+00:00,hype_reversal,hype_momentum,0.0,-2.0,96,2.0,148,4
2026-01,23393,23395,2026-01-29 08:15:00+00:00,2026-01-29 08:45:00+00:00,hype_reversal,hype_reversal,0.0,-2.0,96,2.0,148,4
2026-01,23497,23499,2026-01-30 10:15:00+00:00,2026-01-30 10:45:00+00:00,hype_reversal,hype_reversal,0.0,2.0,96,2.0,148,4
2026-01,23631,23633,2026-01-31 19:45:00+00:00,2026-01-31 20:15:00+00:00,hype_reversal,hype_reversal,0.0,2.0,96,2.0,148,4
2026-02,23650,23652,2026-02-01 00:30:00+00:00,2026-02-01 01:00:00+00:00,hype_momentum,hype_reversal,0.0,2.0,96,2.0,170,4
2026-02,23843,23845,2026-02-03 00:45:00+00:00,2026-02-03 01:15:00+00:00,hype_momentum,hype_momentum,0.0,2.0,96,2.0,170,4
2026-02,23964,23966,2026-02-04 07:00:00+00:00,2026-02-04 07:30:00+00:00,hype_reversal,btc_momentum,0.0,2.0,96,2.0,170,4
2026-02,24080,24082,2026-02-05 12:00:00+00:00,2026-02-05 12:30:00+00:00,btc_momentum,hype_reversal,-2.0,0.0,96,2.0,170,4
2026-02,24230,24232,2026-02-07 01:30:00+00:00,2026-02-07 02:00:00+00:00,hype_reversal,btc_reversal,0.0,2.0,96,2.0,170,4
2026-02,24397,24399,2026-02-08 19:15:00+00:00,2026-02-08 19:45:00+00:00,hype_momentum,hype_reversal,0.0,2.0,96,2.0,170,4
2026-02,24715,24717,2026-02-12 02:45:00+00:00,2026-02-12 03:15:00+00:00,hype_momentum,hype_momentum,0.0,2.0,96,2.0,170,4
2026-02,24866,24868,2026-02-13 16:30:00+00:00,2026-02-13 17:00:00+00:00,hype_reversal,hype_reversal,0.0,-2.0,96,2.0,170,4
2026-02,25183,25185,2026-02-16 23:45:00+00:00,2026-02-17 00:15:00+00:00,hype_momentum,hype_reversal,0.0,2.0,96,2.0,170,4
2026-02,25547,25549,2026-02-20 18:45:00+00:00,2026-02-20 19:15:00+00:00,hype_momentum,hype_momentum,0.0,2.0,96,2.0,170,4
2026-02,25767,25769,2026-02-23 01:45:00+00:00,2026-02-23 02:15:00+00:00,hype_momentum,hype_momentum,0.0,-2.0,96,2.0,170,4
2026-02,26009,26011,2026-02-25 14:15:00+00:00,2026-02-25 14:45:00+00:00,hype_momentum,hype_momentum,0.0,2.0,96,2.0,170,4
2026-02,26160,26162,2026-02-27 04:00:00+00:00,2026-02-27 04:30:00+00:00,hype_momentum,hype_reversal,0.0,2.0,96,2.0,170,4
2026-02,26267,26269,2026-02-28 06:45:00+00:00,2026-02-28 07:15:00+00:00,hype_reversal,hype_reversal,0.0,2.0,96,2.0,170,4
2026-03,26366,26368,2026-03-01 07:30:00+00:00,2026-03-01 08:00:00+00:00,hype_momentum,hype_momentum,0.0,2.0,96,2.0,191,4
2026-03,26564,26566,2026-03-03 09:00:00+00:00,2026-03-03 09:30:00+00:00,hype_momentum,btc_reversal,0.0,-2.0,96,2.0,191,4
2026-03,26663,26665,2026-03-04 09:45:00+00:00,2026-03-04 10:15:00+00:00,hype_momentum,btc_momentum,0.0,2.0,96,2.0,191,4
2026-03,26896,26898,2026-03-06 20:00:00+00:00,2026-03-06 20:30:00+00:00,hype_momentum,hype_reversal,0.0,2.0,96,2.0,191,4
2026-03,27101,27103,2026-03-08 23:15:00+00:00,2026-03-08 23:45:00+00:00,hype_momentum,hype_momentum,0.0,2.0,96,2.0,191,4
2026-03,27200,27202,2026-03-10 00:00:00+00:00,2026-03-10 00:30:00+00:00,hype_momentum,btc_reversal,0.0,2.0,96,2.0,191,4
2026-03,27416,27418,2026-03-12 06:00:00+00:00,2026-03-12 06:30:00+00:00,hype_reversal,btc_reversal,0.0,-2.0,96,2.0,191,4
2026-03,27523,27525,2026-03-13 08:45:00+00:00,2026-03-13 09:15:00+00:00,hype_reversal,btc_momentum,0.0,2.0,96,2.0,191,4
2026-03,27647,27649,2026-03-14 15:45:00+00:00,2026-03-14 16:15:00+00:00,hype_momentum,hype_reversal,0.0,2.0,96,2.0,191,4
2026-03,27805,27807,2026-03-16 07:15:00+00:00,2026-03-16 07:45:00+00:00,hype_momentum,hype_momentum,0.0,2.0,96,2.0,191,4
2026-03,27933,27935,2026-03-17 15:15:00+00:00,2026-03-17 15:45:00+00:00,hype_reversal,hype_reversal,0.0,2.0,96,2.0,191,4
2026-03,28041,28043,2026-03-18 18:15:00+00:00,2026-03-18 18:45:00+00:00,hype_momentum,hype_reversal,0.0,2.0,96,2.0,191,4
2026-03,28152,28154,2026-03-19 22:00:00+00:00,2026-03-19 22:30:00+00:00,hype_reversal,hype_reversal,0.0,2.0,96,2.0,191,4
2026-03,28502,28504,2026-03-23 13:30:00+00:00,2026-03-23 14:00:00+00:00,hype_reversal,btc_reversal,0.0,-2.0,96,2.0,191,4
2026-03,28606,28608,2026-03-24 15:30:00+00:00,2026-03-24 16:00:00+00:00,hype_momentum,hype_momentum,0.0,2.0,96,2.0,191,4
2026-03,29197,29199,2026-03-30 19:15:00+00:00,2026-03-30 19:45:00+00:00,hype_reversal,hype_momentum,0.0,2.0,96,2.0,191,4
2026-04,29339,29341,2026-04-01 06:45:00+00:00,2026-04-01 07:15:00+00:00,hype_momentum,hype_reversal,0.0,2.0,96,2.0,211,4
2026-04,29978,29980,2026-04-07 22:30:00+00:00,2026-04-07 23:00:00+00:00,hype_momentum,hype_momentum,0.0,2.0,96,2.0,211,4
2026-04,30385,30387,2026-04-12 04:15:00+00:00,2026-04-12 04:45:00+00:00,hype_momentum,hype_momentum,0.0,-2.0,96,2.0,211,4
2026-04,30616,30618,2026-04-14 14:00:00+00:00,2026-04-14 14:30:00+00:00,hype_momentum,hype_reversal,0.0,2.0,96,2.0,211,4
2026-04,30823,30825,2026-04-16 17:45:00+00:00,2026-04-16 18:15:00+00:00,hype_momentum,btc_momentum,0.0,-2.0,96,2.0,211,4
2026-04,31111,31113,2026-04-19 17:45:00+00:00,2026-04-19 18:15:00+00:00,hype_reversal,hype_momentum,0.0,2.0,96,2.0,211,4
2026-04,31415,31417,2026-04-22 21:45:00+00:00,2026-04-22 22:15:00+00:00,hype_momentum,btc_momentum,0.0,2.0,96,2.0,211,4
2026-04,31942,31944,2026-04-28 09:30:00+00:00,2026-04-28 10:00:00+00:00,hype_reversal,btc_reversal,0.0,2.0,96,2.0,211,4
2026-04,32139,32141,2026-04-30 10:45:00+00:00,2026-04-30 11:15:00+00:00,hype_momentum,hype_reversal,0.0,-2.0,96,2.0,211,4
2026-05,32324,32326,2026-05-02 09:00:00+00:00,2026-05-02 09:30:00+00:00,hype_momentum,hype_reversal,0.0,2.0,96,2.0,222,4
2026-05,32544,32546,2026-05-04 16:00:00+00:00,2026-05-04 16:30:00+00:00,hype_momentum,hype_momentum,0.0,2.0,96,2.0,222,4
2026-05,32740,32742,2026-05-06 17:00:00+00:00,2026-05-06 17:30:00+00:00,hype_momentum,btc_momentum,0.0,-2.0,96,2.0,222,4
2026-05,33024,33026,2026-05-09 16:00:00+00:00,2026-05-09 16:30:00+00:00,hype_reversal,btc_momentum,0.0,2.0,96,2.0,222,4
2026-05,33143,33145,2026-05-10 21:45:00+00:00,2026-05-10 22:15:00+00:00,hype_reversal,hype_momentum,0.0,2.0,96,2.0,222,4
2026-05,33488,33490,2026-05-14 12:00:00+00:00,2026-05-14 12:30:00+00:00,hype_momentum,hype_momentum,0.0,2.0,96,2.0,222,4
2026-05,33657,33659,2026-05-16 06:15:00+00:00,2026-05-16 06:45:00+00:00,hype_reversal,hype_reversal,0.0,2.0,96,2.0,222,4
2026-05,33792,33794,2026-05-17 16:00:00+00:00,2026-05-17 16:30:00+00:00,hype_momentum,hype_momentum,0.0,2.0,96,2.0,222,4
2026-05,33903,33905,2026-05-18 19:45:00+00:00,2026-05-18 20:15:00+00:00,hype_momentum,hype_momentum,0.0,2.0,96,2.0,222,4
2026-05,34060,34062,2026-05-20 11:00:00+00:00,2026-05-20 11:30:00+00:00,hype_reversal,hype_momentum,0.0,-2.0,96,2.0,222,4
2026-05,34159,34161,2026-05-21 11:45:00+00:00,2026-05-21 12:15:00+00:00,hype_momentum,hype_momentum,0.0,2.0,96,2.0,222,4
2026-05,34258,34260,2026-05-22 12:30:00+00:00,2026-05-22 13:00:00+00:00,hype_reversal,hype_reversal,0.0,-2.0,96,2.0,222,4
2026-05,34450,34452,2026-05-24 12:30:00+00:00,2026-05-24 13:00:00+00:00,hype_reversal,hype_reversal,0.0,-2.0,96,2.0,222,4
2026-05,34604,34606,2026-05-26 03:00:00+00:00,2026-05-26 03:30:00+00:00,hype_reversal,hype_reversal,0.0,2.0,96,2.0,222,4
2026-05,34714,34716,2026-05-27 06:30:00+00:00,2026-05-27 07:00:00+00:00,hype_reversal,hype_reversal,0.0,-2.0,96,2.0,222,4
2026-05,34825,34827,2026-05-28 10:15:00+00:00,2026-05-28 10:45:00+00:00,hype_reversal,hype_reversal,0.0,2.0,96,2.0,222,4
2026-05,34939,34941,2026-05-29 14:45:00+00:00,2026-05-29 15:15:00+00:00,hype_reversal,hype_momentum,0.0,-2.0,96,2.0,222,4
2026-05,35156,35158,2026-05-31 21:00:00+00:00,2026-05-31 21:30:00+00:00,hype_reversal,hype_momentum,0.0,-2.0,96,2.0,222,4
